song_id,track_name,artist_name,album_name,genre,year
S0001,Song 1,Artist 2,Album 2,Pop,2016
S0002,Song 2,Artist 3,Album 3,Hip Hop,2003
S0003,Song 3,Artist 4,Album 4,Pop,2006
S0004,Song 4,Artist 5,Album 5,Rock,2002
S0005,Song 5,Artist 6,Album 6,Rock,2013
S0006,Song 6,Artist 7,Album 7,Rock,2008
S0007,Song 7,Artist 8,Album 8,Pop,2009
S0008,Song 8,Artist 9,Album 9,Country,2014
S0009,Song 9,Artist 10,Album 10,Classical,2004
S0010,Song 10,Artist 11,Album 11,Electronic,2022
S0011,Song 11,Artist 12,Album 12,Electronic,2023
S0012,Song 12,Artist 13,Album 13,R&B,2011
S0013,Song 13,Artist 14,Album 14,Country,1995
S0014,Song 14,Artist 15,Album 15,R&B,1983
S0015,Song 15,Artist 16,Album 16,Electronic,1986
S0016,Song 16,Artist 17,Album 17,R&B,2014
S0017,Song 17,Artist 18,Album 18,Rock,1995
S0018,Song 18,Artist 19,Album 19,Country,1989
S0019,Song 19,Artist 20,Album 20,Country,2015
S0020,Song 20,Artist 21,Album 21,R&B,2006
S0021,Song 21,Artist 22,Album 22,Classical,2007
S0022,Song 22,Artist 23,Album 23,Electronic,1981
S0023,Song 23,Artist 24,Album 24,Hip Hop,1996
S0024,Song 24,Artist 25,Album 25,Classical,2017
S0025,Song 25,Artist 26,Album 26,Jazz,2009
S0026,Song 26,Artist 27,Album 27,Country,2006
S0027,Song 27,Artist 28,Album 28,Pop,2020
S0028,Song 28,Artist 29,Album 29,Country,1980
S0029,Song 29,Artist 30,Album 30,Classical,1980
S0030,Song 30,Artist 31,Album 31,Electronic,1989
S0031,Song 31,Artist 32,Album 32,Hip Hop,1998
S0032,Song 32,Artist 33,Album 33,Rock,1999
S0033,Song 33,Artist 34,Album 34,Jazz,1990
S0034,Song 34,Artist 35,Album 35,Pop,2015
S0035,Song 35,Artist 36,Album 36,Rock,2006
S0036,Song 36,Artist 37,Album 37,Hip Hop,1995
S0037,Song 37,Artist 38,Album 38,Hip Hop,1991
S0038,Song 38,Artist 39,Album 39,Hip Hop,2018
S0039,Song 39,Artist 40,Album 40,Electronic,1987
S0040,Song 40,Artist 41,Album 41,R&B,1999
S0041,Song 41,Artist 42,Album 42,Country,2009
S0042,Song 42,Artist 43,Album 43,Electronic,2002
S0043,Song 43,Artist 44,Album 44,R&B,1982
S0044,Song 44,Artist 45,Album 45,Classical,2011
S0045,Song 45,Artist 46,Album 46,Hip Hop,2013
S0046,Song 46,Artist 47,Album 47,Rock,1994
S0047,Song 47,Artist 48,Album 48,Electronic,2001
S0048,Song 48,Artist 49,Album 49,Pop,2008
S0049,Song 49,Artist 50,Album 50,Classical,2008
S0050,Song 50,Artist 1,Album 51,Rock,1988
S0051,Song 51,Artist 2,Album 52,Country,2022
S0052,Song 52,Artist 3,Album 53,Country,2015
S0053,Song 53,Artist 4,Album 54,Hip Hop,1998
S0054,Song 54,Artist 5,Album 55,Electronic,1985
S0055,Song 55,Artist 6,Album 56,Rock,2010
S0056,Song 56,Artist 7,Album 57,R&B,2004
S0057,Song 57,Artist 8,Album 58,Classical,1985
S0058,Song 58,Artist 9,Album 59,Country,2013
S0059,Song 59,Artist 10,Album 60,Country,1993
S0060,Song 60,Artist 11,Album 61,R&B,2018
S0061,Song 61,Artist 12,Album 62,R&B,1994
S0062,Song 62,Artist 13,Album 63,R&B,2008
S0063,Song 63,Artist 14,Album 64,Pop,2021
S0064,Song 64,Artist 15,Album 65,Classical,2008
S0065,Song 65,Artist 16,Album 66,Electronic,1988
S0066,Song 66,Artist 17,Album 67,Jazz,1986
S0067,Song 67,Artist 18,Album 68,Country,2022
S0068,Song 68,Artist 19,Album 69,Rock,2007
S0069,Song 69,Artist 20,Album 70,Rock,2007
S0070,Song 70,Artist 21,Album 71,R&B,1991
S0071,Song 71,Artist 22,Album 72,Hip Hop,2013
S0072,Song 72,Artist 23,Album 73,Rock,2008
S0073,Song 73,Artist 24,Album 74,Pop,2005
S0074,Song 74,Artist 25,Album 75,Pop,1982
S0075,Song 75,Artist 26,Album 76,Jazz,2000
S0076,Song 76,Artist 27,Album 77,Electronic,2016
S0077,Song 77,Artist 28,Album 78,Country,2015
S0078,Song 78,Artist 29,Album 79,Hip Hop,1992
S0079,Song 79,Artist 30,Album 80,Electronic,2001
S0080,Song 80,Artist 31,Album 81,Pop,1985
S0081,Song 81,Artist 32,Album 82,Pop,2010
S0082,Song 82,Artist 33,Album 83,Rock,1997
S0083,Song 83,Artist 34,Album 84,Hip Hop,2010
S0084,Song 84,Artist 35,Album 85,Rock,2012
S0085,Song 85,Artist 36,Album 86,Rock,1989
S0086,Song 86,Artist 37,Album 87,Classical,2004
S0087,Song 87,Artist 38,Album 88,Electronic,1990
S0088,Song 88,Artist 39,Album 89,Pop,2015
S0089,Song 89,Artist 40,Album 90,Hip Hop,1997
S0090,Song 90,Artist 41,Album 91,Electronic,1995
S0091,Song 91,Artist 42,Album 92,Pop,2003
S0092,Song 92,Artist 43,Album 93,Rock,2000
S0093,Song 93,Artist 44,Album 94,Rock,2013
S0094,Song 94,Artist 45,Album 95,Jazz,1996
S0095,Song 95,Artist 46,Album 96,Electronic,2023
S0096,Song 96,Artist 47,Album 97,Pop,1996
S0097,Song 97,Artist 48,Album 98,Electronic,1986
S0098,Song 98,Artist 49,Album 99,Country,1982
S0099,Song 99,Artist 50,Album 100,Classical,1996
S0100,Song 100,Artist 1,Album 1,Electronic,1989
S0101,Song 101,Artist 2,Album 2,Electronic,1982
S0102,Song 102,Artist 3,Album 3,Electronic,2009
S0103,Song 103,Artist 4,Album 4,Rock,1985
S0104,Song 104,Artist 5,Album 5,Rock,2009
S0105,Song 105,Artist 6,Album 6,R&B,1980
S0106,Song 106,Artist 7,Album 7,Country,2006
S0107,Song 107,Artist 8,Album 8,Country,2001
S0108,Song 108,Artist 9,Album 9,Country,1999
S0109,Song 109,Artist 10,Album 10,Hip Hop,2016
S0110,Song 110,Artist 11,Album 11,Pop,1991
S0111,Song 111,Artist 12,Album 12,Pop,2014
S0112,Song 112,Artist 13,Album 13,Electronic,2009
S0113,Song 113,Artist 14,Album 14,Pop,1991
S0114,Song 114,Artist 15,Album 15,Pop,2016
S0115,Song 115,Artist 16,Album 16,Classical,1995
S0116,Song 116,Artist 17,Album 17,Country,1991
S0117,Song 117,Artist 18,Album 18,R&B,2002
S0118,Song 118,Artist 19,Album 19,Country,2016
S0119,Song 119,Artist 20,Album 20,Country,2009
S0120,Song 120,Artist 21,Album 21,R&B,2022
S0121,Song 121,Artist 22,Album 22,Country,2009
S0122,Song 122,Artist 23,Album 23,Classical,2000
S0123,Song 123,Artist 24,Album 24,Electronic,1997
S0124,Song 124,Artist 25,Album 25,Jazz,1992
S0125,Song 125,Artist 26,Album 26,Rock,2005
S0126,Song 126,Artist 27,Album 27,Jazz,2016
S0127,Song 127,Artist 28,Album 28,Electronic,2002
S0128,Song 128,Artist 29,Album 29,Pop,2019
S0129,Song 129,Artist 30,Album 30,Jazz,1985
S0130,Song 130,Artist 31,Album 31,Rock,1992
S0131,Song 131,Artist 32,Album 32,Country,1994
S0132,Song 132,Artist 33,Album 33,R&B,2001
S0133,Song 133,Artist 34,Album 34,Country,1985
S0134,Song 134,Artist 35,Album 35,Jazz,2004
S0135,Song 135,Artist 36,Album 36,Classical,2019
S0136,Song 136,Artist 37,Album 37,Electronic,2017
S0137,Song 137,Artist 38,Album 38,Classical,2022
S0138,Song 138,Artist 39,Album 39,Country,1985
S0139,Song 139,Artist 40,Album 40,Hip Hop,1986
S0140,Song 140,Artist 41,Album 41,Rock,2020
S0141,Song 141,Artist 42,Album 42,R&B,2010
S0142,Song 142,Artist 43,Album 43,Hip Hop,2015
S0143,Song 143,Artist 44,Album 44,Classical,2002
S0144,Song 144,Artist 45,Album 45,Pop,1985
S0145,Song 145,Artist 46,Album 46,Hip Hop,1999
S0146,Song 146,Artist 47,Album 47,Hip Hop,1985
S0147,Song 147,Artist 48,Album 48,Classical,1989
S0148,Song 148,Artist 49,Album 49,Classical,2004
S0149,Song 149,Artist 50,Album 50,Country,2000
S0150,Song 150,Artist 1,Album 51,Classical,2017
S0151,Song 151,Artist 2,Album 52,Country,1992
S0152,Song 152,Artist 3,Album 53,Classical,2004
S0153,Song 153,Artist 4,Album 54,Hip Hop,1992
S0154,Song 154,Artist 5,Album 55,Jazz,2007
S0155,Song 155,Artist 6,Album 56,Rock,1984
S0156,Song 156,Artist 7,Album 57,Hip Hop,2012
S0157,Song 157,Artist 8,Album 58,Rock,2002
S0158,Song 158,Artist 9,Album 59,Rock,2003
S0159,Song 159,Artist 10,Album 60,Jazz,2002
S0160,Song 160,Artist 11,Album 61,Hip Hop,2010
S0161,Song 161,Artist 12,Album 62,Pop,2011
S0162,Song 162,Artist 13,Album 63,Pop,2016
S0163,Song 163,Artist 14,Album 64,Pop,1998
S0164,Song 164,Artist 15,Album 65,Rock,1993
S0165,Song 165,Artist 16,Album 66,Country,1997
S0166,Song 166,Artist 17,Album 67,R&B,1985
S0167,Song 167,Artist 18,Album 68,Electronic,2002
S0168,Song 168,Artist 19,Album 69,Pop,1989
S0169,Song 169,Artist 20,Album 70,Hip Hop,1988
S0170,Song 170,Artist 21,Album 71,R&B,2010
S0171,Song 171,Artist 22,Album 72,Hip Hop,1981
S0172,Song 172,Artist 23,Album 73,Electronic,2012
S0173,Song 173,Artist 24,Album 74,Rock,1991
S0174,Song 174,Artist 25,Album 75,Pop,2023
S0175,Song 175,Artist 26,Album 76,R&B,2020
S0176,Song 176,Artist 27,Album 77,Pop,2018
S0177,Song 177,Artist 28,Album 78,Rock,2004
S0178,Song 178,Artist 29,Album 79,Pop,1990
S0179,Song 179,Artist 30,Album 80,Electronic,2000
S0180,Song 180,Artist 31,Album 81,Hip Hop,1985
S0181,Song 181,Artist 32,Album 82,Hip Hop,2012
S0182,Song 182,Artist 33,Album 83,Classical,2009
S0183,Song 183,Artist 34,Album 84,Jazz,1980
S0184,Song 184,Artist 35,Album 85,Country,2020
S0185,Song 185,Artist 36,Album 86,Rock,1988
S0186,Song 186,Artist 37,Album 87,Country,1985
S0187,Song 187,Artist 38,Album 88,Jazz,2001
S0188,Song 188,Artist 39,Album 89,Classical,1999
S0189,Song 189,Artist 40,Album 90,Pop,2003
S0190,Song 190,Artist 41,Album 91,Country,2023
S0191,Song 191,Artist 42,Album 92,R&B,2011
S0192,Song 192,Artist 43,Album 93,Electronic,2011
S0193,Song 193,Artist 44,Album 94,Country,2018
S0194,Song 194,Artist 45,Album 95,Classical,2008
S0195,Song 195,Artist 46,Album 96,Rock,2006
S0196,Song 196,Artist 47,Album 97,Classical,2003
S0197,Song 197,Artist 48,Album 98,Classical,1991
S0198,Song 198,Artist 49,Album 99,Electronic,2021
S0199,Song 199,Artist 50,Album 100,Pop,1997
S0200,Song 200,Artist 1,Album 1,Country,2011
S0201,Song 201,Artist 2,Album 2,Country,2003
S0202,Song 202,Artist 3,Album 3,Jazz,2016
S0203,Song 203,Artist 4,Album 4,Classical,1996
S0204,Song 204,Artist 5,Album 5,Electronic,1985
S0205,Song 205,Artist 6,Album 6,R&B,1998
S0206,Song 206,Artist 7,Album 7,R&B,2000
S0207,Song 207,Artist 8,Album 8,Pop,1997
S0208,Song 208,Artist 9,Album 9,R&B,2003
S0209,Song 209,Artist 10,Album 10,Rock,1980
S0210,Song 210,Artist 11,Album 11,Rock,1986
S0211,Song 211,Artist 12,Album 12,Classical,1998
S0212,Song 212,Artist 13,Album 13,Pop,2023
S0213,Song 213,Artist 14,Album 14,Rock,1990
S0214,Song 214,Artist 15,Album 15,Classical,1992
S0215,Song 215,Artist 16,Album 16,Rock,2018
S0216,Song 216,Artist 17,Album 17,Jazz,2004
S0217,Song 217,Artist 18,Album 18,R&B,1990
S0218,Song 218,Artist 19,Album 19,Pop,1995
S0219,Song 219,Artist 20,Album 20,Hip Hop,2002
S0220,Song 220,Artist 21,Album 21,Jazz,1994
S0221,Song 221,Artist 22,Album 22,R&B,1993
S0222,Song 222,Artist 23,Album 23,Classical,1993
S0223,Song 223,Artist 24,Album 24,R&B,2015
S0224,Song 224,Artist 25,Album 25,Rock,2003
S0225,Song 225,Artist 26,Album 26,Jazz,1987
S0226,Song 226,Artist 27,Album 27,Rock,1984
S0227,Song 227,Artist 28,Album 28,Rock,1999
S0228,Song 228,Artist 29,Album 29,Hip Hop,2005
S0229,Song 229,Artist 30,Album 30,Hip Hop,2015
S0230,Song 230,Artist 31,Album 31,R&B,1986
S0231,Song 231,Artist 32,Album 32,Hip Hop,1995
S0232,Song 232,Artist 33,Album 33,Country,2018
S0233,Song 233,Artist 34,Album 34,Jazz,1984
S0234,Song 234,Artist 35,Album 35,Hip Hop,2013
S0235,Song 235,Artist 36,Album 36,Electronic,1987
S0236,Song 236,Artist 37,Album 37,Country,2021
S0237,Song 237,Artist 38,Album 38,R&B,1995
S0238,Song 238,Artist 39,Album 39,Hip Hop,1992
S0239,Song 239,Artist 40,Album 40,Pop,2004
S0240,Song 240,Artist 41,Album 41,Classical,2002
S0241,Song 241,Artist 42,Album 42,Jazz,2004
S0242,Song 242,Artist 43,Album 43,Classical,1994
S0243,Song 243,Artist 44,Album 44,Hip Hop,1992
S0244,Song 244,Artist 45,Album 45,Pop,1998
S0245,Song 245,Artist 46,Album 46,Electronic,2013
S0246,Song 246,Artist 47,Album 47,Jazz,1982
S0247,Song 247,Artist 48,Album 48,Hip Hop,2021
S0248,Song 248,Artist 49,Album 49,Hip Hop,1986
S0249,Song 249,Artist 50,Album 50,Pop,2011
S0250,Song 250,Artist 1,Album 51,Rock,1994
S0251,Song 251,Artist 2,Album 52,Electronic,2014
S0252,Song 252,Artist 3,Album 53,Pop,2014
S0253,Song 253,Artist 4,Album 54,Classical,2000
S0254,Song 254,Artist 5,Album 55,Hip Hop,2010
S0255,Song 255,Artist 6,Album 56,Jazz,2018
S0256,Song 256,Artist 7,Album 57,Country,1984
S0257,Song 257,Artist 8,Album 58,Country,2018
S0258,Song 258,Artist 9,Album 59,Rock,1987
S0259,Song 259,Artist 10,Album 60,Classical,2016
S0260,Song 260,Artist 11,Album 61,Pop,2008
S0261,Song 261,Artist 12,Album 62,Hip Hop,2004
S0262,Song 262,Artist 13,Album 63,R&B,1997
S0263,Song 263,Artist 14,Album 64,Jazz,1999
S0264,Song 264,Artist 15,Album 65,Rock,1985
S0265,Song 265,Artist 16,Album 66,Electronic,2022
S0266,Song 266,Artist 17,Album 67,Pop,2018
S0267,Song 267,Artist 18,Album 68,Pop,1994
S0268,Song 268,Artist 19,Album 69,Pop,2018
S0269,Song 269,Artist 20,Album 70,Pop,2000
S0270,Song 270,Artist 21,Album 71,Rock,2019
S0271,Song 271,Artist 22,Album 72,R&B,1986
S0272,Song 272,Artist 23,Album 73,Classical,2021
S0273,Song 273,Artist 24,Album 74,Rock,2006
S0274,Song 274,Artist 25,Album 75,Jazz,2020
S0275,Song 275,Artist 26,Album 76,Jazz,2011
S0276,Song 276,Artist 27,Album 77,Jazz,1997
S0277,Song 277,Artist 28,Album 78,Rock,1995
S0278,Song 278,Artist 29,Album 79,Hip Hop,1997
S0279,Song 279,Artist 30,Album 80,Jazz,2010
S0280,Song 280,Artist 31,Album 81,Classical,2013
S0281,Song 281,Artist 32,Album 82,Hip Hop,2000
S0282,Song 282,Artist 33,Album 83,Country,1985
S0283,Song 283,Artist 34,Album 84,Pop,1992
S0284,Song 284,Artist 35,Album 85,Hip Hop,1991
S0285,Song 285,Artist 36,Album 86,Pop,2017
S0286,Song 286,Artist 37,Album 87,Jazz,1985
S0287,Song 287,Artist 38,Album 88,R&B,2022
S0288,Song 288,Artist 39,Album 89,R&B,1995
S0289,Song 289,Artist 40,Album 90,Classical,1999
S0290,Song 290,Artist 41,Album 91,Pop,2006
S0291,Song 291,Artist 42,Album 92,Electronic,2023
S0292,Song 292,Artist 43,Album 93,Hip Hop,1992
S0293,Song 293,Artist 44,Album 94,Electronic,2004
S0294,Song 294,Artist 45,Album 95,Classical,1998
S0295,Song 295,Artist 46,Album 96,Country,2005
S0296,Song 296,Artist 47,Album 97,Country,2023
S0297,Song 297,Artist 48,Album 98,Jazz,1991
S0298,Song 298,Artist 49,Album 99,Pop,1984
S0299,Song 299,Artist 50,Album 100,Electronic,1989
S0300,Song 300,Artist 1,Album 1,Pop,1996
S0301,Song 301,Artist 2,Album 2,Country,2010
S0302,Song 302,Artist 3,Album 3,Rock,2009
S0303,Song 303,Artist 4,Album 4,Pop,1983
S0304,Song 304,Artist 5,Album 5,R&B,1991
S0305,Song 305,Artist 6,Album 6,Classical,1985
S0306,Song 306,Artist 7,Album 7,Pop,1989
S0307,Song 307,Artist 8,Album 8,Classical,2022
S0308,Song 308,Artist 9,Album 9,Jazz,2000
S0309,Song 309,Artist 10,Album 10,Rock,1990
S0310,Song 310,Artist 11,Album 11,Pop,2011
S0311,Song 311,Artist 12,Album 12,R&B,2018
S0312,Song 312,Artist 13,Album 13,R&B,2009
S0313,Song 313,Artist 14,Album 14,Electronic,2013
S0314,Song 314,Artist 15,Album 15,Pop,2009
S0315,Song 315,Artist 16,Album 16,Rock,1985
S0316,Song 316,Artist 17,Album 17,Country,1982
S0317,Song 317,Artist 18,Album 18,R&B,1998
S0318,Song 318,Artist 19,Album 19,Rock,2009
S0319,Song 319,Artist 20,Album 20,Pop,1994
S0320,Song 320,Artist 21,Album 21,Pop,2006
S0321,Song 321,Artist 22,Album 22,Rock,2007
S0322,Song 322,Artist 23,Album 23,Rock,1997
S0323,Song 323,Artist 24,Album 24,Country,1996
S0324,Song 324,Artist 25,Album 25,Hip Hop,1980
S0325,Song 325,Artist 26,Album 26,R&B,1998
S0326,Song 326,Artist 27,Album 27,Electronic,1980
S0327,Song 327,Artist 28,Album 28,Classical,1980
S0328,Song 328,Artist 29,Album 29,Classical,2011
S0329,Song 329,Artist 30,Album 30,Pop,1984
S0330,Song 330,Artist 31,Album 31,Rock,2010
S0331,Song 331,Artist 32,Album 32,Hip Hop,2020
S0332,Song 332,Artist 33,Album 33,Country,1986
S0333,Song 333,Artist 34,Album 34,Jazz,2018
S0334,Song 334,Artist 35,Album 35,Jazz,1992
S0335,Song 335,Artist 36,Album 36,Electronic,2018
S0336,Song 336,Artist 37,Album 37,Pop,1994
S0337,Song 337,Artist 38,Album 38,Country,2010
S0338,Song 338,Artist 39,Album 39,Classical,2021
S0339,Song 339,Artist 40,Album 40,Rock,1998
S0340,Song 340,Artist 41,Album 41,Electronic,2020
S0341,Song 341,Artist 42,Album 42,R&B,2023
S0342,Song 342,Artist 43,Album 43,Pop,1992
S0343,Song 343,Artist 44,Album 44,Electronic,2017
S0344,Song 344,Artist 45,Album 45,Pop,2000
S0345,Song 345,Artist 46,Album 46,Rock,2008
S0346,Song 346,Artist 47,Album 47,Hip Hop,2010
S0347,Song 347,Artist 48,Album 48,Country,1995
S0348,Song 348,Artist 49,Album 49,Country,2005
S0349,Song 349,Artist 50,Album 50,Electronic,2017
S0350,Song 350,Artist 1,Album 51,Country,2006
S0351,Song 351,Artist 2,Album 52,R&B,2021
S0352,Song 352,Artist 3,Album 53,Hip Hop,1995
S0353,Song 353,Artist 4,Album 54,R&B,2023
S0354,Song 354,Artist 5,Album 55,R&B,1996
S0355,Song 355,Artist 6,Album 56,Jazz,2008
S0356,Song 356,Artist 7,Album 57,Hip Hop,2007
S0357,Song 357,Artist 8,Album 58,Pop,2013
S0358,Song 358,Artist 9,Album 59,Jazz,2019
S0359,Song 359,Artist 10,Album 60,Country,2019
S0360,Song 360,Artist 11,Album 61,Jazz,1982
S0361,Song 361,Artist 12,Album 62,Classical,1984
S0362,Song 362,Artist 13,Album 63,Jazz,1994
S0363,Song 363,Artist 14,Album 64,Classical,2001
S0364,Song 364,Artist 15,Album 65,Rock,2004
S0365,Song 365,Artist 16,Album 66,Jazz,1985
S0366,Song 366,Artist 17,Album 67,Electronic,1989
S0367,Song 367,Artist 18,Album 68,Pop,1981
S0368,Song 368,Artist 19,Album 69,Electronic,2004
S0369,Song 369,Artist 20,Album 70,Classical,1986
S0370,Song 370,Artist 21,Album 71,Pop,2000
S0371,Song 371,Artist 22,Album 72,Pop,2010
S0372,Song 372,Artist 23,Album 73,Electronic,1987
S0373,Song 373,Artist 24,Album 74,Hip Hop,1990
S0374,Song 374,Artist 25,Album 75,Electronic,2017
S0375,Song 375,Artist 26,Album 76,Hip Hop,2023
S0376,Song 376,Artist 27,Album 77,Country,2002
S0377,Song 377,Artist 28,Album 78,Electronic,2003
S0378,Song 378,Artist 29,Album 79,Classical,2014
S0379,Song 379,Artist 30,Album 80,Pop,2005
S0380,Song 380,Artist 31,Album 81,Classical,1983
S0381,Song 381,Artist 32,Album 82,R&B,2000
S0382,Song 382,Artist 33,Album 83,Rock,1981
S0383,Song 383,Artist 34,Album 84,Jazz,1998
S0384,Song 384,Artist 35,Album 85,Hip Hop,2002
S0385,Song 385,Artist 36,Album 86,Pop,2022
S0386,Song 386,Artist 37,Album 87,Electronic,2003
S0387,Song 387,Artist 38,Album 88,Hip Hop,2022
S0388,Song 388,Artist 39,Album 89,Rock,2016
S0389,Song 389,Artist 40,Album 90,R&B,2006
S0390,Song 390,Artist 41,Album 91,Electronic,2017
S0391,Song 391,Artist 42,Album 92,Electronic,2009
S0392,Song 392,Artist 43,Album 93,Jazz,2017
S0393,Song 393,Artist 44,Album 94,R&B,1987
S0394,Song 394,Artist 45,Album 95,Electronic,2015
S0395,Song 395,Artist 46,Album 96,Jazz,1988
S0396,Song 396,Artist 47,Album 97,Jazz,1987
S0397,Song 397,Artist 48,Album 98,Classical,1980
S0398,Song 398,Artist 49,Album 99,Hip Hop,1994
S0399,Song 399,Artist 50,Album 100,R&B,1989
S0400,Song 400,Artist 1,Album 1,Hip Hop,2015
S0401,Song 401,Artist 2,Album 2,Hip Hop,1998
S0402,Song 402,Artist 3,Album 3,Country,1998
S0403,Song 403,Artist 4,Album 4,Country,1984
S0404,Song 404,Artist 5,Album 5,Classical,1996
S0405,Song 405,Artist 6,Album 6,Jazz,2020
S0406,Song 406,Artist 7,Album 7,Classical,1989
S0407,Song 407,Artist 8,Album 8,Country,1999
S0408,Song 408,Artist 9,Album 9,Country,2013
S0409,Song 409,Artist 10,Album 10,Classical,2021
S0410,Song 410,Artist 11,Album 11,R&B,2003
S0411,Song 411,Artist 12,Album 12,Country,1997
S0412,Song 412,Artist 13,Album 13,Classical,2001
S0413,Song 413,Artist 14,Album 14,Rock,1997
S0414,Song 414,Artist 15,Album 15,Country,2004
S0415,Song 415,Artist 16,Album 16,Pop,2013
S0416,Song 416,Artist 17,Album 17,Hip Hop,2022
S0417,Song 417,Artist 18,Album 18,Hip Hop,2021
S0418,Song 418,Artist 19,Album 19,Hip Hop,1980
S0419,Song 419,Artist 20,Album 20,Classical,1986
S0420,Song 420,Artist 21,Album 21,Classical,2003
S0421,Song 421,Artist 22,Album 22,Classical,1990
S0422,Song 422,Artist 23,Album 23,Hip Hop,2018
S0423,Song 423,Artist 24,Album 24,Jazz,2005
S0424,Song 424,Artist 25,Album 25,Jazz,2007
S0425,Song 425,Artist 26,Album 26,Country,1981
S0426,Song 426,Artist 27,Album 27,Hip Hop,1983
S0427,Song 427,Artist 28,Album 28,Classical,2005
S0428,Song 428,Artist 29,Album 29,Pop,1982
S0429,Song 429,Artist 30,Album 30,Jazz,2007
S0430,Song 430,Artist 31,Album 31,R&B,2010
S0431,Song 431,Artist 32,Album 32,Pop,2018
S0432,Song 432,Artist 33,Album 33,Classical,1996
S0433,Song 433,Artist 34,Album 34,Electronic,2012
S0434,Song 434,Artist 35,Album 35,Rock,1988
S0435,Song 435,Artist 36,Album 36,Pop,2006
S0436,Song 436,Artist 37,Album 37,Pop,2004
S0437,Song 437,Artist 38,Album 38,Hip Hop,2018
S0438,Song 438,Artist 39,Album 39,Electronic,2014
S0439,Song 439,Artist 40,Album 40,Electronic,1990
S0440,Song 440,Artist 41,Album 41,Electronic,1993
S0441,Song 441,Artist 42,Album 42,Jazz,1981
S0442,Song 442,Artist 43,Album 43,Country,1980
S0443,Song 443,Artist 44,Album 44,Pop,2013
S0444,Song 444,Artist 45,Album 45,Jazz,1993
S0445,Song 445,Artist 46,Album 46,Country,2020
S0446,Song 446,Artist 47,Album 47,R&B,2004
S0447,Song 447,Artist 48,Album 48,Rock,2007
S0448,Song 448,Artist 49,Album 49,Rock,1988
S0449,Song 449,Artist 50,Album 50,Electronic,1988
S0450,Song 450,Artist 1,Album 51,Pop,1994
S0451,Song 451,Artist 2,Album 52,R&B,2019
S0452,Song 452,Artist 3,Album 53,Classical,1984
S0453,Song 453,Artist 4,Album 54,Classical,1981
S0454,Song 454,Artist 5,Album 55,Hip Hop,1991
S0455,Song 455,Artist 6,Album 56,Rock,2022
S0456,Song 456,Artist 7,Album 57,Jazz,1986
S0457,Song 457,Artist 8,Album 58,Electronic,1994
S0458,Song 458,Artist 9,Album 59,Rock,1986
S0459,Song 459,Artist 10,Album 60,Country,2021
S0460,Song 460,Artist 11,Album 61,Electronic,1985
S0461,Song 461,Artist 12,Album 62,Electronic,2012
S0462,Song 462,Artist 13,Album 63,Rock,1997
S0463,Song 463,Artist 14,Album 64,Pop,2013
S0464,Song 464,Artist 15,Album 65,Country,2012
S0465,Song 465,Artist 16,Album 66,Rock,2012
S0466,Song 466,Artist 17,Album 67,Electronic,1991
S0467,Song 467,Artist 18,Album 68,Pop,1994
S0468,Song 468,Artist 19,Album 69,Country,2022
S0469,Song 469,Artist 20,Album 70,Pop,2018
S0470,Song 470,Artist 21,Album 71,Jazz,2009
S0471,Song 471,Artist 22,Album 72,Classical,1998
S0472,Song 472,Artist 23,Album 73,Rock,2019
S0473,Song 473,Artist 24,Album 74,Pop,1982
S0474,Song 474,Artist 25,Album 75,Pop,2007
S0475,Song 475,Artist 26,Album 76,Classical,2008
S0476,Song 476,Artist 27,Album 77,Pop,2016
S0477,Song 477,Artist 28,Album 78,Hip Hop,2005
S0478,Song 478,Artist 29,Album 79,Hip Hop,1980
S0479,Song 479,Artist 30,Album 80,Electronic,1994
S0480,Song 480,Artist 31,Album 81,Country,1987
S0481,Song 481,Artist 32,Album 82,Country,2002
S0482,Song 482,Artist 33,Album 83,Jazz,1999
S0483,Song 483,Artist 34,Album 84,Pop,2005
S0484,Song 484,Artist 35,Album 85,R&B,2005
S0485,Song 485,Artist 36,Album 86,Rock,1985
S0486,Song 486,Artist 37,Album 87,Rock,1980
S0487,Song 487,Artist 38,Album 88,Classical,2004
S0488,Song 488,Artist 39,Album 89,Pop,1997
S0489,Song 489,Artist 40,Album 90,Pop,1993
S0490,Song 490,Artist 41,Album 91,Electronic,2006
S0491,Song 491,Artist 42,Album 92,Rock,2013
S0492,Song 492,Artist 43,Album 93,Classical,1981
S0493,Song 493,Artist 44,Album 94,Classical,2010
S0494,Song 494,Artist 45,Album 95,Rock,2020
S0495,Song 495,Artist 46,Album 96,Country,2011
S0496,Song 496,Artist 47,Album 97,Classical,2023
S0497,Song 497,Artist 48,Album 98,Jazz,1981
S0498,Song 498,Artist 49,Album 99,Classical,1987
S0499,Song 499,Artist 50,Album 100,Pop,1988
S0500,Song 500,Artist 1,Album 1,Pop,1986
S0501,Song 501,Artist 2,Album 2,Hip Hop,2005
S0502,Song 502,Artist 3,Album 3,R&B,2002
S0503,Song 503,Artist 4,Album 4,Classical,2018
S0504,Song 504,Artist 5,Album 5,Pop,2022
S0505,Song 505,Artist 6,Album 6,Hip Hop,1999
S0506,Song 506,Artist 7,Album 7,Classical,2008
S0507,Song 507,Artist 8,Album 8,Rock,2002
S0508,Song 508,Artist 9,Album 9,Electronic,2013
S0509,Song 509,Artist 10,Album 10,Country,2007
S0510,Song 510,Artist 11,Album 11,R&B,2017
S0511,Song 511,Artist 12,Album 12,R&B,1998
S0512,Song 512,Artist 13,Album 13,Hip Hop,1985
S0513,Song 513,Artist 14,Album 14,Rock,2023
S0514,Song 514,Artist 15,Album 15,Country,2002
S0515,Song 515,Artist 16,Album 16,Hip Hop,2002
S0516,Song 516,Artist 17,Album 17,Country,2005
S0517,Song 517,Artist 18,Album 18,Country,2000
S0518,Song 518,Artist 19,Album 19,Classical,1982
S0519,Song 519,Artist 20,Album 20,Jazz,2006
S0520,Song 520,Artist 21,Album 21,Pop,2007
S0521,Song 521,Artist 22,Album 22,Electronic,2002
S0522,Song 522,Artist 23,Album 23,Jazz,2006
S0523,Song 523,Artist 24,Album 24,Hip Hop,2011
S0524,Song 524,Artist 25,Album 25,Hip Hop,2021
S0525,Song 525,Artist 26,Album 26,Classical,2004
S0526,Song 526,Artist 27,Album 27,Pop,1983
S0527,Song 527,Artist 28,Album 28,Rock,1991
S0528,Song 528,Artist 29,Album 29,Jazz,2011
S0529,Song 529,Artist 30,Album 30,Hip Hop,1996
S0530,Song 530,Artist 31,Album 31,Electronic,1989
S0531,Song 531,Artist 32,Album 32,Classical,1997
S0532,Song 532,Artist 33,Album 33,R&B,1991
S0533,Song 533,Artist 34,Album 34,Hip Hop,2005
S0534,Song 534,Artist 35,Album 35,Pop,2003
S0535,Song 535,Artist 36,Album 36,Country,1986
S0536,Song 536,Artist 37,Album 37,Hip Hop,2018
S0537,Song 537,Artist 38,Album 38,Hip Hop,2019
S0538,Song 538,Artist 39,Album 39,Pop,1981
S0539,Song 539,Artist 40,Album 40,Rock,2000
S0540,Song 540,Artist 41,Album 41,Jazz,1992
S0541,Song 541,Artist 42,Album 42,Classical,2019
S0542,Song 542,Artist 43,Album 43,Electronic,2010
S0543,Song 543,Artist 44,Album 44,Hip Hop,1999
S0544,Song 544,Artist 45,Album 45,Pop,1995
S0545,Song 545,Artist 46,Album 46,Pop,1996
S0546,Song 546,Artist 47,Album 47,Electronic,1991
S0547,Song 547,Artist 48,Album 48,Classical,1988
S0548,Song 548,Artist 49,Album 49,Country,1990
S0549,Song 549,Artist 50,Album 50,Classical,1991
S0550,Song 550,Artist 1,Album 51,Classical,2012
S0551,Song 551,Artist 2,Album 52,R&B,1984
S0552,Song 552,Artist 3,Album 53,Rock,2022
S0553,Song 553,Artist 4,Album 54,Hip Hop,1994
S0554,Song 554,Artist 5,Album 55,Rock,2010
S0555,Song 555,Artist 6,Album 56,Rock,2008
S0556,Song 556,Artist 7,Album 57,Rock,2008
S0557,Song 557,Artist 8,Album 58,Rock,2009
S0558,Song 558,Artist 9,Album 59,R&B,2015
S0559,Song 559,Artist 10,Album 60,Rock,1983
S0560,Song 560,Artist 11,Album 61,Jazz,1985
S0561,Song 561,Artist 12,Album 62,Electronic,2002
S0562,Song 562,Artist 13,Album 63,Classical,2002
S0563,Song 563,Artist 14,Album 64,Classical,2011
S0564,Song 564,Artist 15,Album 65,Country,1985
S0565,Song 565,Artist 16,Album 66,Electronic,2020
S0566,Song 566,Artist 17,Album 67,Classical,1986
S0567,Song 567,Artist 18,Album 68,Rock,1986
S0568,Song 568,Artist 19,Album 69,Jazz,1996
S0569,Song 569,Artist 20,Album 70,Country,1985
S0570,Song 570,Artist 21,Album 71,Electronic,2023
S0571,Song 571,Artist 22,Album 72,Hip Hop,2011
S0572,Song 572,Artist 23,Album 73,Pop,1982
S0573,Song 573,Artist 24,Album 74,Electronic,1991
S0574,Song 574,Artist 25,Album 75,R&B,1990
S0575,Song 575,Artist 26,Album 76,Hip Hop,1982
S0576,Song 576,Artist 27,Album 77,Jazz,1993
S0577,Song 577,Artist 28,Album 78,Rock,1984
S0578,Song 578,Artist 29,Album 79,Rock,1994
S0579,Song 579,Artist 30,Album 80,Jazz,1988
S0580,Song 580,Artist 31,Album 81,Classical,2011
S0581,Song 581,Artist 32,Album 82,Classical,1996
S0582,Song 582,Artist 33,Album 83,Country,1997
S0583,Song 583,Artist 34,Album 84,R&B,2007
S0584,Song 584,Artist 35,Album 85,R&B,2014
S0585,Song 585,Artist 36,Album 86,Pop,2012
S0586,Song 586,Artist 37,Album 87,Country,1981
S0587,Song 587,Artist 38,Album 88,Classical,2023
S0588,Song 588,Artist 39,Album 89,Electronic,1988
S0589,Song 589,Artist 40,Album 90,Rock,2015
S0590,Song 590,Artist 41,Album 91,R&B,1986
S0591,Song 591,Artist 42,Album 92,Rock,2000
S0592,Song 592,Artist 43,Album 93,R&B,2002
S0593,Song 593,Artist 44,Album 94,Rock,2006
S0594,Song 594,Artist 45,Album 95,Hip Hop,2018
S0595,Song 595,Artist 46,Album 96,R&B,2017
S0596,Song 596,Artist 47,Album 97,Pop,2001
S0597,Song 597,Artist 48,Album 98,Rock,2005
S0598,Song 598,Artist 49,Album 99,Hip Hop,2017
S0599,Song 599,Artist 50,Album 100,Jazz,2011
S0600,Song 600,Artist 1,Album 1,Hip Hop,1980
S0601,Song 601,Artist 2,Album 2,Classical,2000
S0602,Song 602,Artist 3,Album 3,Country,1986
S0603,Song 603,Artist 4,Album 4,Country,1983
S0604,Song 604,Artist 5,Album 5,Hip Hop,2005
S0605,Song 605,Artist 6,Album 6,Rock,2014
S0606,Song 606,Artist 7,Album 7,Country,2011
S0607,Song 607,Artist 8,Album 8,R&B,1998
S0608,Song 608,Artist 9,Album 9,Jazz,1989
S0609,Song 609,Artist 10,Album 10,R&B,1987
S0610,Song 610,Artist 11,Album 11,Rock,2011
S0611,Song 611,Artist 12,Album 12,Hip Hop,2020
S0612,Song 612,Artist 13,Album 13,Pop,1988
S0613,Song 613,Artist 14,Album 14,R&B,2022
S0614,Song 614,Artist 15,Album 15,Hip Hop,1982
S0615,Song 615,Artist 16,Album 16,Country,1985
S0616,Song 616,Artist 17,Album 17,Hip Hop,1988
S0617,Song 617,Artist 18,Album 18,Hip Hop,1999
S0618,Song 618,Artist 19,Album 19,Classical,2019
S0619,Song 619,Artist 20,Album 20,Jazz,2016
S0620,Song 620,Artist 21,Album 21,Jazz,2004
S0621,Song 621,Artist 22,Album 22,Rock,1981
S0622,Song 622,Artist 23,Album 23,R&B,2010
S0623,Song 623,Artist 24,Album 24,Jazz,2001
S0624,Song 624,Artist 25,Album 25,Hip Hop,1988
S0625,Song 625,Artist 26,Album 26,Country,2014
S0626,Song 626,Artist 27,Album 27,Electronic,2013
S0627,Song 627,Artist 28,Album 28,R&B,2010
S0628,Song 628,Artist 29,Album 29,Electronic,1995
S0629,Song 629,Artist 30,Album 30,Rock,1982
S0630,Song 630,Artist 31,Album 31,Country,1982
S0631,Song 631,Artist 32,Album 32,Pop,1992
S0632,Song 632,Artist 33,Album 33,Classical,2011
S0633,Song 633,Artist 34,Album 34,Hip Hop,2000
S0634,Song 634,Artist 35,Album 35,Country,1989
S0635,Song 635,Artist 36,Album 36,Country,1999
S0636,Song 636,Artist 37,Album 37,Rock,2018
S0637,Song 637,Artist 38,Album 38,Pop,2000
S0638,Song 638,Artist 39,Album 39,Country,2011
S0639,Song 639,Artist 40,Album 40,Country,1986
S0640,Song 640,Artist 41,Album 41,Country,2000
S0641,Song 641,Artist 42,Album 42,Jazz,2007
S0642,Song 642,Artist 43,Album 43,Pop,2010
S0643,Song 643,Artist 44,Album 44,Country,1990
S0644,Song 644,Artist 45,Album 45,Pop,2013
S0645,Song 645,Artist 46,Album 46,Pop,1996
S0646,Song 646,Artist 47,Album 47,R&B,2016
S0647,Song 647,Artist 48,Album 48,Electronic,1994
S0648,Song 648,Artist 49,Album 49,Hip Hop,2012
S0649,Song 649,Artist 50,Album 50,R&B,2010
S0650,Song 650,Artist 1,Album 51,Hip Hop,2013
S0651,Song 651,Artist 2,Album 52,Rock,2008
S0652,Song 652,Artist 3,Album 53,Rock,1985
S0653,Song 653,Artist 4,Album 54,Jazz,1981
S0654,Song 654,Artist 5,Album 55,Hip Hop,2016
S0655,Song 655,Artist 6,Album 56,Pop,1997
S0656,Song 656,Artist 7,Album 57,Country,1986
S0657,Song 657,Artist 8,Album 58,R&B,1992
S0658,Song 658,Artist 9,Album 59,Pop,1982
S0659,Song 659,Artist 10,Album 60,Country,1983
S0660,Song 660,Artist 11,Album 61,R&B,1998
S0661,Song 661,Artist 12,Album 62,Pop,2013
S0662,Song 662,Artist 13,Album 63,Pop,2016
S0663,Song 663,Artist 14,Album 64,Rock,1988
S0664,Song 664,Artist 15,Album 65,Rock,1980
S0665,Song 665,Artist 16,Album 66,Rock,1989
S0666,Song 666,Artist 17,Album 67,Pop,2018
S0667,Song 667,Artist 18,Album 68,Hip Hop,1989
S0668,Song 668,Artist 19,Album 69,Hip Hop,1980
S0669,Song 669,Artist 20,Album 70,Country,2014
S0670,Song 670,Artist 21,Album 71,Country,2006
S0671,Song 671,Artist 22,Album 72,Rock,1981
S0672,Song 672,Artist 23,Album 73,Hip Hop,2021
S0673,Song 673,Artist 24,Album 74,Rock,1993
S0674,Song 674,Artist 25,Album 75,R&B,1980
S0675,Song 675,Artist 26,Album 76,Country,2023
S0676,Song 676,Artist 27,Album 77,Rock,2009
S0677,Song 677,Artist 28,Album 78,Electronic,2000
S0678,Song 678,Artist 29,Album 79,Electronic,2015
S0679,Song 679,Artist 30,Album 80,Hip Hop,2009
S0680,Song 680,Artist 31,Album 81,R&B,1991
S0681,Song 681,Artist 32,Album 82,Pop,2003
S0682,Song 682,Artist 33,Album 83,Rock,2015
S0683,Song 683,Artist 34,Album 84,Classical,2011
S0684,Song 684,Artist 35,Album 85,Classical,1983
S0685,Song 685,Artist 36,Album 86,Hip Hop,2001
S0686,Song 686,Artist 37,Album 87,Pop,1985
S0687,Song 687,Artist 38,Album 88,Rock,2016
S0688,Song 688,Artist 39,Album 89,Classical,1997
S0689,Song 689,Artist 40,Album 90,Rock,2022
S0690,Song 690,Artist 41,Album 91,R&B,1990
S0691,Song 691,Artist 42,Album 92,Jazz,1991
S0692,Song 692,Artist 43,Album 93,Classical,1982
S0693,Song 693,Artist 44,Album 94,Pop,2009
S0694,Song 694,Artist 45,Album 95,Hip Hop,2001
S0695,Song 695,Artist 46,Album 96,R&B,1980
S0696,Song 696,Artist 47,Album 97,Pop,2004
S0697,Song 697,Artist 48,Album 98,Classical,2001
S0698,Song 698,Artist 49,Album 99,Classical,1982
S0699,Song 699,Artist 50,Album 100,Pop,2003
S0700,Song 700,Artist 1,Album 1,R&B,1992
S0701,Song 701,Artist 2,Album 2,R&B,2006
S0702,Song 702,Artist 3,Album 3,Rock,2011
S0703,Song 703,Artist 4,Album 4,Classical,2021
S0704,Song 704,Artist 5,Album 5,Classical,2021
S0705,Song 705,Artist 6,Album 6,Pop,1997
S0706,Song 706,Artist 7,Album 7,Electronic,2001
S0707,Song 707,Artist 8,Album 8,Jazz,1980
S0708,Song 708,Artist 9,Album 9,Hip Hop,1985
S0709,Song 709,Artist 10,Album 10,Electronic,1993
S0710,Song 710,Artist 11,Album 11,Jazz,2012
S0711,Song 711,Artist 12,Album 12,Pop,2003
S0712,Song 712,Artist 13,Album 13,Electronic,1999
S0713,Song 713,Artist 14,Album 14,Rock,1997
S0714,Song 714,Artist 15,Album 15,R&B,2007
S0715,Song 715,Artist 16,Album 16,Pop,1986
S0716,Song 716,Artist 17,Album 17,Classical,2011
S0717,Song 717,Artist 18,Album 18,R&B,2022
S0718,Song 718,Artist 19,Album 19,Hip Hop,1984
S0719,Song 719,Artist 20,Album 20,Jazz,2005
S0720,Song 720,Artist 21,Album 21,Country,1985
S0721,Song 721,Artist 22,Album 22,Pop,1983
S0722,Song 722,Artist 23,Album 23,Electronic,2020
S0723,Song 723,Artist 24,Album 24,Rock,2019
S0724,Song 724,Artist 25,Album 25,Pop,2020
S0725,Song 725,Artist 26,Album 26,Electronic,1983
S0726,Song 726,Artist 27,Album 27,R&B,1980
S0727,Song 727,Artist 28,Album 28,Hip Hop,1991
S0728,Song 728,Artist 29,Album 29,Rock,2013
S0729,Song 729,Artist 30,Album 30,R&B,2016
S0730,Song 730,Artist 31,Album 31,Pop,1998
S0731,Song 731,Artist 32,Album 32,Rock,2004
S0732,Song 732,Artist 33,Album 33,Electronic,2003
S0733,Song 733,Artist 34,Album 34,R&B,1996
S0734,Song 734,Artist 35,Album 35,Classical,1989
S0735,Song 735,Artist 36,Album 36,Electronic,2005
S0736,Song 736,Artist 37,Album 37,Jazz,2006
S0737,Song 737,Artist 38,Album 38,Country,2012
S0738,Song 738,Artist 39,Album 39,Jazz,1983
S0739,Song 739,Artist 40,Album 40,Jazz,2017
S0740,Song 740,Artist 41,Album 41,Electronic,1991
S0741,Song 741,Artist 42,Album 42,Electronic,2020
S0742,Song 742,Artist 43,Album 43,Classical,2004
S0743,Song 743,Artist 44,Album 44,Pop,1997
S0744,Song 744,Artist 45,Album 45,Classical,2021
S0745,Song 745,Artist 46,Album 46,Jazz,2018
S0746,Song 746,Artist 47,Album 47,Classical,1995
S0747,Song 747,Artist 48,Album 48,R&B,2000
S0748,Song 748,Artist 49,Album 49,Jazz,2023
S0749,Song 749,Artist 50,Album 50,Hip Hop,2014
S0750,Song 750,Artist 1,Album 51,Electronic,2006
S0751,Song 751,Artist 2,Album 52,Rock,1986
S0752,Song 752,Artist 3,Album 53,Jazz,2007
S0753,Song 753,Artist 4,Album 54,Classical,2011
S0754,Song 754,Artist 5,Album 55,Country,1996
S0755,Song 755,Artist 6,Album 56,Classical,2014
S0756,Song 756,Artist 7,Album 57,R&B,2006
S0757,Song 757,Artist 8,Album 58,Country,1993
S0758,Song 758,Artist 9,Album 59,Classical,2006
S0759,Song 759,Artist 10,Album 60,Jazz,2007
S0760,Song 760,Artist 11,Album 61,Rock,2006
S0761,Song 761,Artist 12,Album 62,Rock,2017
S0762,Song 762,Artist 13,Album 63,Pop,2006
S0763,Song 763,Artist 14,Album 64,Rock,2022
S0764,Song 764,Artist 15,Album 65,Classical,1998
S0765,Song 765,Artist 16,Album 66,Electronic,2008
S0766,Song 766,Artist 17,Album 67,Pop,2000
S0767,Song 767,Artist 18,Album 68,Country,1980
S0768,Song 768,Artist 19,Album 69,Classical,1988
S0769,Song 769,Artist 20,Album 70,Classical,2016
S0770,Song 770,Artist 21,Album 71,Country,1983
S0771,Song 771,Artist 22,Album 72,Electronic,2011
S0772,Song 772,Artist 23,Album 73,Rock,2004
S0773,Song 773,Artist 24,Album 74,Electronic,2007
S0774,Song 774,Artist 25,Album 75,Classical,2019
S0775,Song 775,Artist 26,Album 76,Country,1991
S0776,Song 776,Artist 27,Album 77,Classical,1985
S0777,Song 777,Artist 28,Album 78,Electronic,2012
S0778,Song 778,Artist 29,Album 79,Country,2023
S0779,Song 779,Artist 30,Album 80,Electronic,1991
S0780,Song 780,Artist 31,Album 81,Jazz,1986
S0781,Song 781,Artist 32,Album 82,R&B,2012
S0782,Song 782,Artist 33,Album 83,R&B,1991
S0783,Song 783,Artist 34,Album 84,Country,1987
S0784,Song 784,Artist 35,Album 85,Country,2013
S0785,Song 785,Artist 36,Album 86,Pop,1982
S0786,Song 786,Artist 37,Album 87,Rock,2010
S0787,Song 787,Artist 38,Album 88,Electronic,1988
S0788,Song 788,Artist 39,Album 89,Jazz,1987
S0789,Song 789,Artist 40,Album 90,Rock,2018
S0790,Song 790,Artist 41,Album 91,Electronic,1990
S0791,Song 791,Artist 42,Album 92,Hip Hop,2002
S0792,Song 792,Artist 43,Album 93,Rock,1983
S0793,Song 793,Artist 44,Album 94,Electronic,1995
S0794,Song 794,Artist 45,Album 95,Country,1986
S0795,Song 795,Artist 46,Album 96,R&B,2009
S0796,Song 796,Artist 47,Album 97,Jazz,2015
S0797,Song 797,Artist 48,Album 98,Country,1982
S0798,Song 798,Artist 49,Album 99,Classical,2000
S0799,Song 799,Artist 50,Album 100,Jazz,1986
S0800,Song 800,Artist 1,Album 1,Electronic,1989
S0801,Song 801,Artist 2,Album 2,Jazz,2013
S0802,Song 802,Artist 3,Album 3,Classical,1982
S0803,Song 803,Artist 4,Album 4,Jazz,1987
S0804,Song 804,Artist 5,Album 5,Hip Hop,1987
S0805,Song 805,Artist 6,Album 6,R&B,2002
S0806,Song 806,Artist 7,Album 7,Jazz,1989
S0807,Song 807,Artist 8,Album 8,R&B,1980
S0808,Song 808,Artist 9,Album 9,Jazz,1980
S0809,Song 809,Artist 10,Album 10,Classical,2008
S0810,Song 810,Artist 11,Album 11,R&B,2020
S0811,Song 811,Artist 12,Album 12,R&B,2009
S0812,Song 812,Artist 13,Album 13,Pop,1999
S0813,Song 813,Artist 14,Album 14,R&B,1981
S0814,Song 814,Artist 15,Album 15,Hip Hop,2021
S0815,Song 815,Artist 16,Album 16,Rock,2003
S0816,Song 816,Artist 17,Album 17,Electronic,2007
S0817,Song 817,Artist 18,Album 18,Rock,1995
S0818,Song 818,Artist 19,Album 19,Country,1989
S0819,Song 819,Artist 20,Album 20,Classical,1985
S0820,Song 820,Artist 21,Album 21,Country,2020
S0821,Song 821,Artist 22,Album 22,Jazz,2017
S0822,Song 822,Artist 23,Album 23,Jazz,1992
S0823,Song 823,Artist 24,Album 24,Jazz,1989
S0824,Song 824,Artist 25,Album 25,R&B,1995
S0825,Song 825,Artist 26,Album 26,Jazz,2016
S0826,Song 826,Artist 27,Album 27,Country,2011
S0827,Song 827,Artist 28,Album 28,Classical,2020
S0828,Song 828,Artist 29,Album 29,Hip Hop,2016
S0829,Song 829,Artist 30,Album 30,Country,1984
S0830,Song 830,Artist 31,Album 31,Pop,2018
S0831,Song 831,Artist 32,Album 32,Classical,1995
S0832,Song 832,Artist 33,Album 33,Pop,2006
S0833,Song 833,Artist 34,Album 34,Country,1986
S0834,Song 834,Artist 35,Album 35,Rock,1992
S0835,Song 835,Artist 36,Album 36,Pop,1996
S0836,Song 836,Artist 37,Album 37,Hip Hop,1981
S0837,Song 837,Artist 38,Album 38,Classical,2006
S0838,Song 838,Artist 39,Album 39,R&B,1990
S0839,Song 839,Artist 40,Album 40,Rock,1985
S0840,Song 840,Artist 41,Album 41,Pop,1987
S0841,Song 841,Artist 42,Album 42,Pop,2008
S0842,Song 842,Artist 43,Album 43,Hip Hop,1983
S0843,Song 843,Artist 44,Album 44,Electronic,2022
S0844,Song 844,Artist 45,Album 45,Jazz,1989
S0845,Song 845,Artist 46,Album 46,Rock,1981
S0846,Song 846,Artist 47,Album 47,Country,2009
S0847,Song 847,Artist 48,Album 48,Country,2019
S0848,Song 848,Artist 49,Album 49,Hip Hop,2015
S0849,Song 849,Artist 50,Album 50,Hip Hop,1990
S0850,Song 850,Artist 1,Album 51,Jazz,2000
S0851,Song 851,Artist 2,Album 52,Country,2002
S0852,Song 852,Artist 3,Album 53,Country,1991
S0853,Song 853,Artist 4,Album 54,R&B,2005
S0854,Song 854,Artist 5,Album 55,Rock,1982
S0855,Song 855,Artist 6,Album 56,Electronic,2015
S0856,Song 856,Artist 7,Album 57,R&B,2022
S0857,Song 857,Artist 8,Album 58,Hip Hop,1992
S0858,Song 858,Artist 9,Album 59,Jazz,1981
S0859,Song 859,Artist 10,Album 60,Electronic,2012
S0860,Song 860,Artist 11,Album 61,Classical,2020
S0861,Song 861,Artist 12,Album 62,Classical,1985
S0862,Song 862,Artist 13,Album 63,Electronic,1982
S0863,Song 863,Artist 14,Album 64,Classical,2016
S0864,Song 864,Artist 15,Album 65,R&B,2021
S0865,Song 865,Artist 16,Album 66,R&B,2018
S0866,Song 866,Artist 17,Album 67,Jazz,1993
S0867,Song 867,Artist 18,Album 68,Rock,2023
S0868,Song 868,Artist 19,Album 69,Jazz,2006
S0869,Song 869,Artist 20,Album 70,R&B,2010
S0870,Song 870,Artist 21,Album 71,Jazz,1999
S0871,Song 871,Artist 22,Album 72,Jazz,2022
S0872,Song 872,Artist 23,Album 73,Electronic,2005
S0873,Song 873,Artist 24,Album 74,Rock,2010
S0874,Song 874,Artist 25,Album 75,Jazz,1986
S0875,Song 875,Artist 26,Album 76,Hip Hop,1993
S0876,Song 876,Artist 27,Album 77,Electronic,2015
S0877,Song 877,Artist 28,Album 78,Country,2016
S0878,Song 878,Artist 29,Album 79,Classical,1983
S0879,Song 879,Artist 30,Album 80,Jazz,2010
S0880,Song 880,Artist 31,Album 81,Electronic,2001
S0881,Song 881,Artist 32,Album 82,Classical,2010
S0882,Song 882,Artist 33,Album 83,R&B,1990
S0883,Song 883,Artist 34,Album 84,Rock,1995
S0884,Song 884,Artist 35,Album 85,R&B,1995
S0885,Song 885,Artist 36,Album 86,Jazz,1984
S0886,Song 886,Artist 37,Album 87,Electronic,1988
S0887,Song 887,Artist 38,Album 88,Hip Hop,1981
S0888,Song 888,Artist 39,Album 89,Country,2016
S0889,Song 889,Artist 40,Album 90,Electronic,1985
S0890,Song 890,Artist 41,Album 91,Country,2017
S0891,Song 891,Artist 42,Album 92,Classical,1982
S0892,Song 892,Artist 43,Album 93,Electronic,2021
S0893,Song 893,Artist 44,Album 94,Rock,1999
S0894,Song 894,Artist 45,Album 95,Country,2008
S0895,Song 895,Artist 46,Album 96,Country,2008
S0896,Song 896,Artist 47,Album 97,Electronic,2016
S0897,Song 897,Artist 48,Album 98,Electronic,2008
S0898,Song 898,Artist 49,Album 99,Pop,1994
S0899,Song 899,Artist 50,Album 100,Pop,2016
S0900,Song 900,Artist 1,Album 1,Country,1998
S0901,Song 901,Artist 2,Album 2,Pop,2013
S0902,Song 902,Artist 3,Album 3,Classical,1990
S0903,Song 903,Artist 4,Album 4,Jazz,2018
S0904,Song 904,Artist 5,Album 5,Jazz,2009
S0905,Song 905,Artist 6,Album 6,Pop,2016
S0906,Song 906,Artist 7,Album 7,Hip Hop,2021
S0907,Song 907,Artist 8,Album 8,Electronic,1983
S0908,Song 908,Artist 9,Album 9,Jazz,2013
S0909,Song 909,Artist 10,Album 10,Hip Hop,2000
S0910,Song 910,Artist 11,Album 11,Classical,2003
S0911,Song 911,Artist 12,Album 12,Country,1987
S0912,Song 912,Artist 13,Album 13,Country,2000
S0913,Song 913,Artist 14,Album 14,Hip Hop,2015
S0914,Song 914,Artist 15,Album 15,Pop,1998
S0915,Song 915,Artist 16,Album 16,Country,2000
S0916,Song 916,Artist 17,Album 17,Jazz,1999
S0917,Song 917,Artist 18,Album 18,Rock,1983
S0918,Song 918,Artist 19,Album 19,Rock,1997
S0919,Song 919,Artist 20,Album 20,Country,1993
S0920,Song 920,Artist 21,Album 21,Country,2009
S0921,Song 921,Artist 22,Album 22,Rock,2010
S0922,Song 922,Artist 23,Album 23,Classical,2014
S0923,Song 923,Artist 24,Album 24,Pop,1985
S0924,Song 924,Artist 25,Album 25,Classical,1991
S0925,Song 925,Artist 26,Album 26,Hip Hop,1981
S0926,Song 926,Artist 27,Album 27,Electronic,2001
S0927,Song 927,Artist 28,Album 28,Jazz,2018
S0928,Song 928,Artist 29,Album 29,R&B,1991
S0929,Song 929,Artist 30,Album 30,Jazz,2006
S0930,Song 930,Artist 31,Album 31,Rock,1996
S0931,Song 931,Artist 32,Album 32,Jazz,1981
S0932,Song 932,Artist 33,Album 33,Country,2010
S0933,Song 933,Artist 34,Album 34,Electronic,2021
S0934,Song 934,Artist 35,Album 35,Country,1985
S0935,Song 935,Artist 36,Album 36,Classical,2013
S0936,Song 936,Artist 37,Album 37,Country,2019
S0937,Song 937,Artist 38,Album 38,Hip Hop,2002
S0938,Song 938,Artist 39,Album 39,Rock,1993
S0939,Song 939,Artist 40,Album 40,Jazz,2020
S0940,Song 940,Artist 41,Album 41,Jazz,2007
S0941,Song 941,Artist 42,Album 42,Hip Hop,2011
S0942,Song 942,Artist 43,Album 43,Rock,2011
S0943,Song 943,Artist 44,Album 44,Pop,2001
S0944,Song 944,Artist 45,Album 45,R&B,1983
S0945,Song 945,Artist 46,Album 46,R&B,1994
S0946,Song 946,Artist 47,Album 47,Pop,2021
S0947,Song 947,Artist 48,Album 48,Jazz,1987
S0948,Song 948,Artist 49,Album 49,Classical,1986
S0949,Song 949,Artist 50,Album 50,Country,2014
S0950,Song 950,Artist 1,Album 51,Country,1988
S0951,Song 951,Artist 2,Album 52,Jazz,1986
S0952,Song 952,Artist 3,Album 53,Hip Hop,2012
S0953,Song 953,Artist 4,Album 54,Pop,2004
S0954,Song 954,Artist 5,Album 55,R&B,2023
S0955,Song 955,Artist 6,Album 56,Classical,1980
S0956,Song 956,Artist 7,Album 57,Country,2004
S0957,Song 957,Artist 8,Album 58,Pop,2018
S0958,Song 958,Artist 9,Album 59,Rock,1993
S0959,Song 959,Artist 10,Album 60,Jazz,2018
S0960,Song 960,Artist 11,Album 61,Rock,2018
S0961,Song 961,Artist 12,Album 62,R&B,2002
S0962,Song 962,Artist 13,Album 63,Pop,1982
S0963,Song 963,Artist 14,Album 64,Pop,2023
S0964,Song 964,Artist 15,Album 65,Hip Hop,1981
S0965,Song 965,Artist 16,Album 66,Classical,1987
S0966,Song 966,Artist 17,Album 67,Rock,2003
S0967,Song 967,Artist 18,Album 68,Rock,1981
S0968,Song 968,Artist 19,Album 69,Electronic,1997
S0969,Song 969,Artist 20,Album 70,Jazz,1989
S0970,Song 970,Artist 21,Album 71,Pop,1980
S0971,Song 971,Artist 22,Album 72,Rock,2003
S0972,Song 972,Artist 23,Album 73,Country,2002
S0973,Song 973,Artist 24,Album 74,Rock,2018
S0974,Song 974,Artist 25,Album 75,Rock,2018
S0975,Song 975,Artist 26,Album 76,R&B,2010
S0976,Song 976,Artist 27,Album 77,Pop,2006
S0977,Song 977,Artist 28,Album 78,Jazz,1989
S0978,Song 978,Artist 29,Album 79,Classical,2021
S0979,Song 979,Artist 30,Album 80,Rock,2015
S0980,Song 980,Artist 31,Album 81,Electronic,1989
S0981,Song 981,Artist 32,Album 82,Rock,2006
S0982,Song 982,Artist 33,Album 83,R&B,2009
S0983,Song 983,Artist 34,Album 84,Classical,2016
S0984,Song 984,Artist 35,Album 85,Classical,2006
S0985,Song 985,Artist 36,Album 86,Pop,2022
S0986,Song 986,Artist 37,Album 87,Electronic,1996
S0987,Song 987,Artist 38,Album 88,Hip Hop,2023
S0988,Song 988,Artist 39,Album 89,Country,2011
S0989,Song 989,Artist 40,Album 90,Rock,1985
S0990,Song 990,Artist 41,Album 91,Classical,2022
S0991,Song 991,Artist 42,Album 92,Hip Hop,2019
S0992,Song 992,Artist 43,Album 93,Electronic,1997
S0993,Song 993,Artist 44,Album 94,Rock,1983
S0994,Song 994,Artist 45,Album 95,Classical,1991
S0995,Song 995,Artist 46,Album 96,Classical,2007
S0996,Song 996,Artist 47,Album 97,Classical,2023
S0997,Song 997,Artist 48,Album 98,Rock,2022
S0998,Song 998,Artist 49,Album 99,Rock,2018
S0999,Song 999,Artist 50,Album 100,Electronic,1981
S1000,Song 1000,Artist 1,Album 1,Hip Hop,1994
